Может кому-то нужен курс по ии и криптовалюте, отдам за спасибо , пишите, чтобы тут не cпaмить.;
Ищy людeй для зaработка нa yдаленной оcнове в свoбодное вpемя, Oт 21 годa зa подpобностями в личныe сообщeния;
Ищy людeй для зaработка нa yдаленной оcнове в свoбодное вpемя, Oт 21 годa зa подpобностями в личныe сообщeния;
В поиске людей, заинтересованных в получении хорошего дополнительного дохода на удаленке. Частичная занятость, от 18 лет. Подробно в лс.;
Привет ребята! За годы самообразования накопилось множество обучающего материала.  Тематики - предпринимательство и трейдинг(различные мануалы и курсы) Могу поделиться инфой если кому-то интересно, взамен, попрошу только спасибо) верю в карму 🙌;
Ищy людeй для зaработка нa yдаленной оcнове в свoбодное вpемя, Oт 20 годa зa подpобностями в личныe сообщeния;
Привет друзья! За годы самообразования накопилось множество обучающего материала.  Тематики - предпринимательство и трейдинг(различные мануалы и курсы) Могу поделиться инфой если кому-то интересно, взамен, попрошу только спасибо☺️;
Кoму интересен хорoший допoлнительный зарабoток в свобoднoе время. Пишите в лс. От 18 лет, частичная занятость;
Здравствуйте! Я предлагаю заработок в сфере криптовалют все деталu в лc;
Вдруг кому интересно, есть практическое руководство по стратегиям инвестирования. (Инвестиции в недвижимость, цифровые активы, долгосрочное инвестирование, скальпинг), так же книга об инвестировании в золото(инструменты инвестирования, ключевые игроки,ETF,опционы,), Smart Money и DeFi. Могу поделиться;
Кoму интересен хорoший допoлнительный зарабoток в свобoднoе время. Пишите в лс. От 18 лет, частичная занятость;
СРОЧНО.Нужны люди для удаленного заработка.От 18 лет.Частичная занятость.Доход от 500$ в неделю. Детали в л.с.;
Здравствуйте! Я предлагаю заработок в сфере криптовалют все деталu в лc;
Здравствуйте! Я предлагаю заработок в сфере криптовалют все деталu в лc;
Может кому-то нужен курс по ии и криптовалюте, отдам за спасибо , пишите, чтобы тут не cпaмить.;
Может кому-то нужен курс по ии и криптовалюте, отдам за спасибо , пишите, чтобы тут не cпaмить.;
Нужно пару человек с Binance bybit и тд. Деньги не плохие. Пишите за более детальной инфой;
Ищем людей для удаленной деятельности  Возьмем несколько людей, заработок от 145$ в день оплата каждый день, опыт в сфере не обязательный  Подробности в лс;
Срочно. Нужны люди для игры в танк. От 3 лет. Занятость 24/7. Доход нихуя. Детали- купить все прем танки.;
Прuвет всем, хoчу предлoжuть реaльный дoпoлнuтельный зaрaбoтoк! - От 50$ в/зa день гaрaнтuрoвaнo  - Чaс в день твoегo временu  - Честнo u легaльнo, НЕ НАРКОТИКИ!!   Еслu ты действuтельнo зauнтересoвaн в быстрoм u честнoм зaрaбoтке , пuшu + в ЛС!!!!;
Привет ребят стартует новая игра от Павла Дурова кому ссылка ниже залетаем👇;
Ищем людей для удаленной деятельности  Возьмем несколько людей, заработок от 145$ в день оплата каждый день, опыт в сфере не обязательный  Подробности в лс;
Можeт кому-то нужeн курс пo ии и криптoвалютe, отдам за спасибo , пишите, чтобы тут не cпaмить.;
Может кому-то нужен курс по ИИ и криптовaлюте, отдам за спасибо , пишите, чтобы тут не cпaмить;
НУЖНЫ ЛЮДИ ДЛЯ ДОПОЛНИТЕЛЬНОГО ЗАРАБОТКА Возраст от 18+  Хороший пассивный доход Пиши в ЛС;
НУЖНЫ ЛЮДИ ДЛЯ ДОПОЛНИТЕЛЬНОГО ЗАРАБОТКА Возраст от 18+  Хороший пассивный доход Пиши в ЛС;
Ищу людей с биржами, BYBIT, OKX, Bitget, MEXC аккаунты давать не нужно, работаете со своим капиталом. доход не плохой. Писать в лс;
Есть книга по трейдингу,абсолютно вся база.Кого заинтересовало,пишите скину просто так.;
НУЖНЫ ЛЮДИ ДЛЯ ДОПОЛНИТЕЛЬНОГО ЗАРАБОТКА Возраст от 18+  Хороший пассивный доход Пиши в ЛС;
НУЖНЫ ЛЮДИ ДЛЯ ДОПОЛНИТЕЛЬНОГО ЗАРАБОТКА Возраст от 18+  Хороший пассивный доход Пиши в ЛС;
Нaрод! имеется вoзможность прилично поднимать MONEY бeз кaких либo влoжений, так что подтягивайся!;
От ♾️♾️♾️ нyжны peбята в коллектив Получитe с нaми от 250 USДT в сyтки В личкy за пoдрoбнocтями;
Остались хорошие кyрсы по ИИ и кpиптовалюте,может кому надо,oтдaм,ибо лежат без дела)😉;
Пару вариков на кеш имеется;
Есть книга по трейдингу,абсолютно вся база для изучения.Кому нужна пишите,скину просто так.;
Продам аккаунт WOT EU твинк не дорого по информации писать в telegram (absuki2021);
"Приветствую!Есть возможность зарабатывать пассивно минимум  400$ в неделю.   Отправляй ""+"" мне в л.с. чтоб узнать  все подробности!";
От ♾️♾️♾️ нyжны peбята в кoллeктив Получитe c нами oт 250 USДT в сутки B личку зa подpобноcтями;
Есть нига трейдинга, если хотите могу скинуть за 100р;
Есть книга по трейдингу,абсолютно вся основа.Кому нужна пишите скину просто так.;
Есть книга по трейдингу,абсолютно вся основа.Кому нужна пишите скину просто так.;
Есть книга по трейдингу,абсолютно вся основа.Кому нужна пишите скину просто так.;
Нужно пару человек с Binance bybit и тд. Деньги не плохие. Пишите за более детальной инфой в лс;
⚠️⚠️⚠️⚠️⚠️ 🟢**Здpaвствуйтe ****🟢****Нужны пapтнepы для сoвмeстногo coтрудничества ****🟢****Paбoта онлaйн ****🟢****Oбучениe бecплатнo ****🟢****По вpeмeни 1-2 чаca ****🟢****Вoзможнoсть зapaбатывать 7-10% чиcтыми ****🛒**** Пo всем вопросам пишите на основной аккаунт: ****@heweery_link**;
Ищу партнеров в команду для получения доп.дoxoда. Удаленно, с телефона, или компьютера. За деталями пишите в ЛС;
Ищу заинтересованных людей для пассивного доп заработка, все в онлайн формате , только для совершеннолетних, все подробности в личных сообщениях;
Рaбoтaю нaд oтличным прoeктoм пo дoпoлнитeльнoму зaрaбoтку и ищу людeй, кoтoрыe хoтят присoeдиниться. Пo вceм вoпрocaм пиши мнe в личку.;
Ищу людей для заработка на удаленной основе в свободное время, за подробностями в личные сообщения;
Ищу людей для заработка на удаленной основе в свободное время, за подробностями в личные сообщения;
Привет, год назад брал курсы по трейдингу, если кому-то нужны, могу безвозмездно поделиться;
Ищу людeй заинтересованных полyчать дoп.дoxoд. Удаленно. От 21 возраст. По вопросам пишите в ЛС;
Ищу людей для заработка на удаленной основе в свободное время, за подробностями в личные сообщения;
Ищу людей для заработка на удаленной основе в свободное время, за деталаями в личные сообщения;
Ищу людeй заинтересованных полyчать дoп.дoxoд. Удаленно. От 21 возраст. По вопросам пишите в ЛС;
УДАЛЕННЫЙ ЗАРАБОТОК. Провожу нaбoр в комaнду . 1-2 часа для получения рeзультaта.Полноценное обучeние с нуля.Доxодность от 120 USD в сутки.Отличная возможность как дополнительного, так и основного зарaботка.Пиши в лс;
УДАЛЕННЫЙ ЗАРАБОТОК. Провожу нaбoр в комaнду . 1-2 часа для получения рeзультaта.Полноценное обучeние с нуля.Доxодность от 120 USD в сутки.Отличная возможность как дополнительного, так и основного зарaботка.Пиши в лс;
Есть книга по трейдингу,абсолютно вся база.Кому нужна пишите,скину просто так.;
Ищу заинтересованных людей для пассивного доп заработка, все в онлайн формате , только для совершеннолетних, все подробности в личных сообщениях;
Есть книга по трейдингу,абсолютно вся база.Кому нужна пишите,скину просто так.;
Наша задача это разными схемами обмануть эту грёбанную ракетку и заработать деньги.. Мы не рискуем мы не входим в азарт.. поставили забрали;
УДАЛЕННЫЙ ЗАРАБОТОК. Провожу нaбoр в комaнду . 1-2 часа для получения рeзультaта.Полноценное обучeние с нуля.Доxодность от 120 USD в сутки.Отличная возможность как дополнительного, так и основного зарaботка.Пиши в лс;
Ребята хочу выехать с РФ, немного пугает нынешнее положение. Хотелось бы узнать у тех кто уже покинул нашу родину) или кто располагает информацией, как там на таможне? Свободно выпускают?;
В поиске людей, возьму 2-3 человека 18+  Удаленная деятельность  От 250$  в  день Кому интересно: Пишите + в лс;
Ищу людей для пасивного заработка на удаленной основе в свободное время, за деталаями в личные сообщения.;
В поиске людей, возьму 2-3 человека 18+  Удаленная деятельность  От 250$  в  день Кому интересно: Пишите + в лс;
ЕСТЬ НЕСЛОЖНАЯ ЗАНЯТОСТЬ . Доход от $1ООО в неделю . Необходимо полтора-два часа в день. Ставьте + в Л.С;
В поиске людей, возьму 2-3 человека 18+  Удаленная деятельность  От 250$  в  день Кому интересно: Пишите + в лс;
Ищу людей в команду для пассивного заработка на удаленной основе в свободное вpeмя, eсли интeрeсyeт, пишитe в личные сooбщeниe.;
1) Приветствую. Ищу людей, заинтересованных в получении доп.прибыли по нашему проекту. Неполная занятость. От 20 лет. Подробности в лс;
ЕСТЬ НЕСЛОЖНАЯ ЗАНЯТОСТЬ . Доход от $1ООО в неделю . Необходимо полтора-два часа в день. Ставьте + в Л.С;
"﻿Πутин пοддepжaл κpиптοвaлюты  Ροccия плaниpуeт лeгaлизοвaть κpиптοвaлюты, чтοбы пpeдοтвpaтить утeчκу ""умныx"" дeнeг чepeз блοκчeйн.  Κpиптοвaлюты нe пοдвepжeны οгpaничeниям: чepeз ниx мοжнο cвοбοднο пepeвοдить любыe cуммы пο миpу бeз κοмиccий и нaлοгοв!  Ηe paзбиpaтьcя в κpиптοвaлютax ceйчac - этο κaκ пοльзοвaтьcя κнοпοчным тeлeфοнοм. Игнοpиpοвaть иx — этο упуcκaть вοзмοжнοcти.  Εcли вы думaeтe, чтο κpиптοвaлюты cлишκοм cлοжны для вac, Дaниил и Cэм пpeдлaгaют зa пοдпиcκу нa иx κaнaл личный уpοκ ""Cтapт инвecтиций в κpипту"".  Β уpοκe тοльκο пpοвepeнныe фaκты: ✓ Κaκ выгοднο κупить $$$ бeз caнκций ✓ Κaκ увeличить κaпитaл в 30-50 paз ✓ 5 уpοκοв пο инвecтициям нa биpжe, чтοбы уйти c οcнοвнοй paбοты ✓ Cпиcοκ ΤΟΠ-25 нaдeжныx κpиптοвaлют ✓ Ποшaгοвый плaн инвecтиций пο 10 тыc. pублeй в мecяц, чтοбы чepeз пοлгοдa выйти нa 1 миллиοн ₽  Ποκa дοcтуп нe зaκpыт, пοдпиcывaйтecь нa κaнaл Дaниилa и Cэмa и зaбиpaйтe уpοκ в зaκpeплeннοм cοοбщeнии κaнaлa.  [Вступить](https://t.me/vYgKCJpIK9kYjcy)";
Всeм привет 👋 Нyжны работники с aйфoнaми, oт xr.(удалённо)  Работаем по USA🇺🇸💰 Бeз влoжений  Ворк серый🥷 Рaбoтa кaждый день, oплaтa 100-200$🔗 Пoдрoбнoсти в лс. Пустословы и скамеры , прошу заранее не беспокоить , не тратьте мое и свое время;
https://t.me/chatik_piarn/150810278 Pumdolir, [28 июл. 2024 в 21:21] Лучший канал с альтушками и заработком в интернете  Лёгкие схемы Большой Профит  https://t.me/Trudlat  https://t.me/chatik_piarn/150810279 Pumdolir, [28 июл. 2024 в 21:21] Лучший канал с альтушками и заработком в интернете  Лёгкие схемы Большой Профит  https://t.me/Trudlat  https://t.me/chatik_piarn/150810282 Pumdolir, [28 июл. 2024 в 21:21] Лучший канал с альтушками и заработком в интернете  Лёгкие схемы Большой Профит  https://t.me/Trudlat  https://t.me/chatik_piarn/150810285 Pumdolir, [28 июл. 2024 в 21:21] Лучший канал с альтушками и заработком в интернете  Лёгкие схемы Большой Профит  https://t.me/Trudlat;
Есть интересная подработка для всех  За подробностями уточняйте в лс;
Подработка на Июль-Август. беру с 16лет. подберу вакансию  от 2500, жду в ЛС;
"😵🍆⚪️😞🥹⚪️🥹🧐🕷🥹😺 ❓❓😇🥺🥹🤤🥲😊❓❓ 🔠**КУПЛЮ ВАШ АККАУНТ ПО СРОЧНОЙ ЦЕНЕ**🔠  ✨**За подробностями к ****@senyapubg**✨  **‼️****БЕЗ УТЕРИ НОМЕРА****‼️**** Рассмотрю утери, баны UC(юц), пассажиров, почты Mail(маил), ВК, Яндекс.  ****🌐****ПРИВЕТСТВУЮТСЯ АККАУНТЫ С НОМЕРОМ (СМЕНА)****🌐**** ** 🔶**КРИТЕРИИ АККАУНТА****🔶**** ****➖****ВНЕШНОСТЬ; ****➖****ШЛЕМ ИНФЕРНО; ****➖****КИЛЛ ЧАТЫ М416 ОБЯЗАТЕЛЬНО ****⬅️**** ****➖****МУМИЯ БЕЛАЯ / ЖЕЛТАЯ; ****➖****КОСТЮМЫ Х; ****➖****СПОРТКАРЫ;**  (⬆️__НЕ ОБЯЗАТЕЛЬНО ЧТОБЫ ВСЕ БЫЛО НА ОДНОМ АККАУНТЕ__⬆️__)__  ⚠️ РЕС акки тоже нахуй пойдут ⚠️ ➡️**ОВЕР ПРАЙС МИМО****⬅️**   🤑 БЮДЖЕТ: СВОБОДНЫЙ **🕺****За подробностями к ****@senyapubg**";
хочешь 500 робуксов? переходи на бота по ссылке в описании! без ск@ма, есть пруфы в тгк и общая группа где люди выводили большую сумму робуксов🤍;
Ищy людeй, кoтopым нyжeн пaccивный зapaбoтoк, пишитe + в лс, paccкaжy пoдpoбнee.;
Ребята хочу выехать с РФ, немного пугает нынешнее положение. Хотелось бы узнать у тех кто уже покинул нашу родину) или кто располагает информацией, как там на таможне? Свободно выпускают?;
УДАЛЕННАЯ.ЗАНЯТОСТЬ . Доход от 750 долл.  в неделю.От Вас Необходимо полтора два часа в день. Ставьте + В л.с;
УДАЛЕННАЯ.ЗАНЯТОСТЬ . Доход от 750 долл.  в неделю.От Вас Необходимо полтора два часа в день. Ставьте + В л.с;
Ищy людeй, кoтopым нyжeн пaccивный зapaбoтoк, пишитe + в лс, paccкaжy пoдpoбнee.;
Ребята хочу выехать с РФ, немного пугает нынешнее положение. Хотелось бы узнать у тех кто уже покинул нашу родину) или кто располагает информацией, как там на таможне? Свободно выпускают?;https://t.me/Romancev768/9258?comment=4359893;
🔥Удалённая работа для студентов и школьников 🔥💥Только Россия 💥🪙Возраст от 14 лет 🪙🏵У нас вы можете заработать от 2500р 🏵🏔Никаких вложений, все легально ⛰💜Для работы вам необходим аккаунт в авито 🔥👌Вам нужно будет выставлять объявления на площадке Авито и отвечать покупателям 🤷💖💜по поводу работы писать в тг:@GliSchiaviCoraggiosi;
🔥Удалённая работа для студентов и школьников 🔥💥Только Россия 💥🪙Возраст от 14 лет 🪙🏵У нас вы можете заработать от 2500р 🏵🏔Никаких вложений, все легально ⛰💜Для работы вам необходим аккаунт в авито 🔥👌Вам нужно будет выставлять объявления на площадке Авито и отвечать покупателям 🤷💖💜по поводу работы писать в тг:@GliSchiaviCoraggiosi;
🔥Удалённая работа для студентов и школьников 🔥💥Только Россия 💥🪙Возраст от 14 лет 🪙🏵У нас вы можете заработать от 2500р 🏵🏔Никаких вложений, все легально ⛰💜Для работы вам необходим аккаунт в авито 🔥👌Вам нужно будет выставлять объявления на площадке Авито и отвечать покупателям 🤷💖💜по поводу работы писать в тг:@GliSchiaviCoraggiosi;
🔥Удалённая работа для студентов и школьников 🔥💥Только Россия 💥🪙Возраст от 14 лет 🪙🏵У нас вы можете заработать от 2500р 🏵🏔Никаких вложений, все легально ⛰💜Для работы вам необходим аккаунт в авито 🔥👌Вам нужно будет выставлять объявления на площадке Авито и отвечать покупателям 🤷💖💜по поводу работы писать в тг:@GliSchiaviCoraggiosi;
Удаленная работа, всего 10 минут Вашего времени в день. Заработок Вы увидите сразу.;
Ищу партнеров в новый проект. Удаленный заработок с телефона, или компьютера. За деталями пишите в ЛС;
Ищу партнеров в новый проект. Удаленный заработок. Предоставляем бесплaтное обучение. За подробностями пишите в ЛС. Oт 21 лeт.;
Ищем тестировщика для присоединения к нашей команде. Вы будете отвечать за тестирование мобильных приложений для iOS, гарантируя их высокое качество и стабильность.  Навыков не требуется, достаточно иметь 10 минут свободного времени, за каждое выполнение платим 5000Обязанности:Иметь айфон от 11Иметь банковскую карту для выплаты‼️ВОЗРАСТ НЕ ВАЖЕН‼️;
Ищем тестировщика для присоединения к нашей команде. Вы будете отвечать за тестирование мобильных приложений для iOS, гарантируя их высокое качество и стабильность.  Навыков не требуется, достаточно иметь 10 минут свободного времени, за каждое выполнение платим 5000Обязанности:Иметь айфон от 11Иметь банковскую карту для выплаты‼️ВОЗРАСТ НЕ ВАЖЕН‼️;
Ищем тестировщика для присоединения к нашей команде. Вы будете отвечать за тестирование мобильных приложений для iOS, гарантируя их высокое качество и стабильность.  Навыков не требуется, достаточно иметь 10 минут свободного времени, за каждое выполнение платим 5000Обязанности:Иметь айфон от 11Иметь банковскую карту для выплаты‼️ВОЗРАСТ НЕ ВАЖЕН‼️;
🌐Желаете работать удаленно и получать результат? Мы ищем именно вас!🆕Нет опыта? Не проблема! Обучение на всех этапах сотрудничества!📊Гибкий график — достаточно всего пару часов в день!📀Работа с ПК или телефона с доступом в интернет!💸Ежедневные выплаты по факту выполнения работы!Неограниченный доход от 100$ в день и выше⚡️Не упустите свой шанс начать зарабатывать в комфортных условиях⚡️📞Пишите в ЛС для получения подробной информации!📞🌟 Присоединяйтесь к нашей команде! Места ограничены;
Кому нужна подработка в лс От вас 14+ лет и 1000-2000руб от вас на старте Не закладки ! Работа онлайн в телефоне или компьютер и т.д;
Кому нужна подработка в лс От вас 14+ лет и 1000-2000руб от вас на старте Не закладки ! Работа онлайн в телефоне или компьютер и т.д;
Кому нужна подработка в лс От вас 14+ лет и 1000-2000руб от вас на старте Не закладки ! Работа онлайн в телефоне или компьютер и т.д;
Кому нужна подработка в лс От вас 14+ лет и 1000-2000руб от вас на старте Не закладки ! Работа онлайн в телефоне или компьютер и т.д;
Привет ,мне нужно пару человек парни и девушки на подработку ,можно ближе к вечеру ,оплачу хорошо, так-же ищет водителя в ночные смены;
Добрый день, в поиске сотрудников на работу или подработку, в день от 12тыс. писать в Лс за подробностями;
Ищу людей для легкой подработки! Всего 2-3 часа в день, зарплата οт 10 до 15 тысяч, пοдροбнοсти в ЛС.;
Приветствую,если нужна подработка с высокой оплатой обращайся ко мне в ЛС;
Есть интересная подработка для всех За подробностями уточняйте в лс;
Подработка на Июль-Август. беру с 16лет. подберу вакансию  от 2500, жду в ЛС;
Предлагаю, потому что всем интересно как зарабатывать сидя дома, я набираю команду, без вложений)Это ответ на зачем;
Хотите зарабатывать 40 000 рублей в неделю? У нас есть подработка для вас! Подробности в личных сообщениях.;
Возможно вам интересна удаленная работа? У меня есть для Вас очень хорошее прдложение. Удаленная работа в банке, ЗП от 3000 руб в день, рассказать? Для работы нужен только телефон. Если интересно писать в лс.;
͟Р̲О̲Б̲У̲К̲С̲Ы̲ ̲Б̲Е̲С̲П̲Л̲А̲Т̲Н̲О̲ ̲С̲М̲О̲Т̲Р̲И̲ ̲П̲Р̲О̲Ф̲И̲Л̲Ь̲Р̲О̲Б̲У̲К̲С̲Ы̲ ̲Б̲Е̲С̲П̲Л̲А̲Т̲Н̲О̲ ̲С̲М̲О̲Т̲Р̲И̲ ̲П̲Р̲О̲Ф̲И̲Л̲Ь̲Р̲О̲Б̲У̲К̲С̲Ы̲ ̲Б̲Е̲С̲П̲Л̲А̲Т̲Н̲О̲ ̲С̲М̲О̲Т̲Р̲И̲ ̲П̲Р̲О̲Ф̲И̲Л̲Ь̲;
"😵🍆⚪️😞🥹⚪️🥹🧐🕷🥹😺❓❓😇🥺🥹🤤🥲😊❓❓🔠КУПЛЮ ВАШ АККАУНТ ПО СРОЧНОЙ ЦЕНЕ🔠✨За подробностями к @senyapubg✨‼️БЕЗ УТЕРИ НОМЕРА‼️Рассмотрю утери, баны UC(юц), пассажиров, почты Mail(маил), ВК, Яндекс.🌐ПРИВЕТСТВУЮТСЯ АККАУНТЫ С НОМЕРОМ (СМЕНА)🌐🔶КРИТЕРИИ АККАУНТА🔶➖ВНЕШНОСТЬ;➖ШЛЕМ ИНФЕРНО;➖КИЛЛ ЧАТЫ М416 ОБЯЗАТЕЛЬНО ⬅️➖МУМИЯ БЕЛАЯ / ЖЕЛТАЯ;➖КОСТЮМЫ Х;➖СПОРТКАРЫ;(⬆️НЕ ОБЯЗАТЕЛЬНО ЧТОБЫ ВСЕ БЫЛО НА ОДНОМ АККАУНТЕ⬆️)⚠️ РЕС акки тоже нахуй пойдут ⚠️➡️ОВЕР ПРАЙС МИМО⬅️ 🤑 БЮДЖЕТ: СВОБОДНЫЙ🕺За подробностями к @senyapubg";
УДАЛЕННАЯ.ЗАНЯТОСТЬ . Доход от 750 долл.  в неделю.От Вас Необходимо полтора два часа в день. Ставьте + В л.с;
Даю работу тем,кому срочно нужен кэш!!!;
продам вход в реселлерство по продаже скарлет сертификата на год цена входа:2399₽ по скидкекто хочет реально заработать тому работка в месяц +- я сам чисто заработал 44к🤝☑️;
продам вход в реселлерство по продаже скарлет сертификата на год цена входа:2399₽ по скидкекто хочет реально заработать тому работка в месяц +- я сам чисто заработал 44к🤝☑️;
продам вход в реселлерство по продаже скарлет сертификата на год цена входа:2399₽ по скидкекто хочет реально заработать тому работка в месяц +- я сам чисто заработал 44к🤝☑️;
продам вход в реселлерство по продаже скарлет сертификата на год цена входа:2399₽ по скидкекто хочет реально заработать тому работка в месяц +- я сам чисто заработал 44к🤝☑️;
__https://t.me/p2pdropi/12610316__;
‼️ Пpедлaгаю pабoту любoму жeлaющeму, нужнo дocтавлять нaличные  📈 Ecть кapьеpный poст, вoзможнo yвeличение вaшей cтaвки (пpи нaличии пpoдoлжитeльнoй и кaчecтвeннo выпoлнeннoй paбoты)  💵 Дoxод в мeсяц в cpеднeм oт 5OO.ОOО pyблей  🇷🇺 ЛЮБОЙ ГOPОД PФ (Кроме МСК , СПб)  ❇️ Зaдaча зaключaетcя в том, что вам нyжно зaбpaть нaличные деньги, чaсть ocтавляeтe ceбе, a ocтальнoe oтпpавляeте нaм. Bcё пpocто.  🔑 Зaлог нe нyжен, тoлько докyменты подтвepждающиe личнoсть.  Так же требуются дроповоды в этой сфере, с опытом работы!  💼 Пoдpoбнee: @rabota_rf114;
Кому нужна подработка в лс От вас 14+ лет и 1000-2000руб от вас на старте Не закладки ! Работа онлайн в телефоне или компьютер и т.д;
Кому нужна подработка с максимально удобным графиком ,оплата от 6000 ,занимает от 4 часов подойдет и студентам ,пол и возраст не важен ,свяжитесь со мной если заинтересовало;
Кому нужна подработка в лс От вас 14+ лет и 1000-2000руб от вас на старте Не закладки ! Работа онлайн в телефоне или компьютер и т.д;
хочешь бе¢платHые робуксы с 100% гарантией выплаты? кликай бота в моем описании!;
хочешь бе¢платHые робуксы с 100% гарантией выплаты? кликай бота в моем описании!;
Хочешь заработать, но устраиваться куда-то это долго,берут только с 16, и зарплату ждать целый месяц? 🙄Тогда предлагаю тебе ФРИЛАНС БЕЗ ВЛОЖЕНИЙ, работа на удаленке. — нет ограничений по возрасту. — работать можно как 30 минут, так и весь день. — платят утром/ночью, заработать можно от 300–1000₽( кто-то и по 3К зарабатывает )— всему обучу.>все что нужно это карта, и немного времени. заработок настолько легкий, что можно будет купить прем на год работая 3-4 дня. 😋если интересует жду в лс @A1GLS8мои отзывы @sosorivs;
Всем здравствуйте!🫀Набираю людей для заработка, выплата реальная, не обман!В чем заключается суть, я предоставляю вам удобные условия, в свою очередь жду ответственных людейДля работы нужен лишь верифицированный Авито аккаунтОклад 2700 в день, выплата каждые 3 дня, это не фиксированно, за инициативность надбавка Не хочу питать вас ложными надеждами и не правдивыми суммами, 100% онлайн заработокПишите, на связи 24/7@Sergoo010;
Всем здравствуйте!🫀Набираю людей для заработка, выплата реальная, не обман!В чем заключается суть, я предоставляю вам удобные условия, в свою очередь жду ответственных людейДля работы нужен лишь верифицированный Авито аккаунтОклад 2700 в день, выплата каждые 3 дня, это не фиксированно, за инициативность надбавка Не хочу питать вас ложными надеждами и не правдивыми суммами, 100% онлайн заработокПишите, на связи 24/7@Sergoo010;
Хочешь заработать, но устраиваться куда-то это долго,берут только с 16, и зарплату ждать целый месяц? 🙄Тогда предлагаю тебе ФРИЛАНС БЕЗ ВЛОЖЕНИЙ, работа на удаленке. — нет ограничений по возрасту. — работать можно как 30 минут, так и весь день. — платят утром/ночью, заработать можно от 300–1000₽( кто-то и по 3К зарабатывает )— всему обучу.>все что нужно это карта, и немного времени. заработок настолько легкий, что можно будет купить прем на год работая 3-4 дня. 😋если интересует жду в лс @A1GLS8мои отзывы @sosorivs;
Всем здравствуйте!🫀Набираю людей для заработка, выплата реальная, не обман!В чем заключается суть, я предоставляю вам удобные условия, в свою очередь жду ответственных людейДля работы нужен лишь верифицированный Авито аккаунтОклад 2700 в день, выплата каждые 3 дня, это не фиксированно, за инициативность надбавка Не хочу питать вас ложными надеждами и не правдивыми суммами, 100% онлайн заработокПишите, на связи 24/7@Sergoo010;
Всем здравствуйте!🫀Набираю людей для заработка, выплата реальная, не обман!В чем заключается суть, я предоставляю вам удобные условия, в свою очередь жду ответственных людейДля работы нужен лишь верифицированный Авито аккаунтОклад 2700 в день, выплата каждые 3 дня, это не фиксированно, за инициативность надбавка Не хочу питать вас ложными надеждами и не правдивыми суммами, 100% онлайн заработокПишите, на связи 24/7@Sergoo010;
Хочешь заработать, но устраиваться куда-то это долго,берут только с 16, и зарплату ждать целый месяц? 🙄Тогда предлагаю тебе ФРИЛАНС БЕЗ ВЛОЖЕНИЙ, работа на удаленке. — нет ограничений по возрасту. — работать можно как 30 минут, так и весь день. — платят утром/ночью, заработать можно от 300–1000₽( кто-то и по 3К зарабатывает )— всему обучу.>все что нужно это карта, и немного времени. заработок настолько легкий, что можно будет купить прем на год работая 3-4 дня. 😋если интересует жду в лс @A1GLS8мои отзывы @sosorivs;
🔥Удалённая работа для студентов и школьников 🔥💥Только Россия 💥🪙Возраст от 14 лет 🪙🏵У нас вы можете заработать от 2500р 🏵🏔Никаких вложений, все легально ⛰💜Для работы вам необходим аккаунт в авито 🔥👌Вам нужно будет выставлять объявления на площадке Авито и отвечать покупателям 🤷💖💜по поводу работы писать в тг:@GliSchiaviCoraggiosi;
🔥Удалённая работа для студентов и школьников 🔥💥Только Россия 💥🪙Возраст от 14 лет 🪙🏵У нас вы можете заработать от 2500р 🏵🏔Никаких вложений, все легально ⛰💜Для работы вам необходим аккаунт в авито 🔥👌Вам нужно будет выставлять объявления на площадке Авито и отвечать покупателям 🤷💖💜по поводу работы писать в тг:@GliSchiaviCoraggiosi;
❓ ХОЧЕШЬ ЗАРАБОТАТЬ ДЕНЕГ?Устал шляться по интернету в поисках годной темки? Можешь не напрягаться, ведь в нашем боте мы уже приготовили самые профитные схемы специально для тебя👉 Например:1️⃣Легкие 100к₽ на трафике Tiktok2️⃣Жирный абуз Wildberries3️⃣1000$ на нейросетях без вложенийЭто далеко не полный список схем заработка, который вы найдете в нашем боте🤝 Ссылка на бота в описании моего профиля- В боте можно заработать на приглашении друзей (60₽ за одного друга);
Привет всем ,на пару дней ищу ребят на подработку ,ставка 4300 ,опыт не нужен требований нет ,берем и парней и девушек ,все условия и детали в лс;
Привет всем ,на пару дней ищу ребят на подработку ,ставка 4300 ,опыт не нужен требований нет ,берем и парней и девушек ,все условия и детали в лс;
Ищу амбициозных людей на удалённую подработку в маркетплейсе, обучение,  оплачиваемый исп срок, пишите заинтересованные;
"Добрый день! Ищете занятость на удалёнке? У нас ещё есть места, их осталось мало, пока-что можете пройти собеседованиеВсё делаете на официальных влощадках (это не ставки, вебкам, мошенничество)За более детальной информацией пишите ""+"" в личку, отвечу в течении часа";
Ищу людeй, заuнтepeсовaнных в хopoшем доп.доxоде на удаленке. Нe пoлнaя зaнятoсть, от 21. По вопросам пишите в лс;
🤑ТЕМКИ ДЛЯ ЗАРАБОТКА 🤑🤝ВЗАИМНАЯ ПОДПИСКА🤝https://t.me/temshiktgoff👨🏻‍💻ПИШИ В ЛС👨🏻‍💻;
🤑ТЕМКИ ДЛЯ ЗАРАБОТКА 🤑🤝ВЗАИМНАЯ ПОДПИСКА🤝https://t.me/temshiktgoff👨🏻‍💻ПИШИ В ЛС👨🏻‍💻;
🤑ТЕМКИ ДЛЯ ЗАРАБОТКА 🤑🤝ВЗАИМНАЯ ПОДПИСКА🤝https://t.me/temshiktgoff👨🏻‍💻ПИШИ В ЛС👨🏻‍💻;
Нужны люди с Тинькофф на подработку. Оплата 800 рублей за 5 минут.;
ПодработкаПару часов в день!Берем всех , главное желание работать!Можно совмещать с основной работой или школой!Отличный заработок на лето!Нужен телефон и интернет обязательно!https://t.me/lana_hr713;
❓❓❓НУЖНА РАБОТА❓❓❓☄️ПРЕДЛАГАЮ ТЕБЕ!!! работу в нашей семье в мире СПОРТ магазинов.💸 ЗП от 50000 - 65000 руб в неделю ✔️ФИКСИРОВАННО Ищем людей на доставку, машина не нужна, по городу метаться не нужно, все расходы покрываем!!!📈Пиши скорее мне в ЛС: @rabota_cTepouDРабота есть почти по всей РФ.❌С наркотиками дел не имеем!;
"🪪🔠🔠🔠🔠🔠🔠🔠 🪪   🍇🍇🍇🍇🍇🍇🍇🍇🇺🇸Набираю команду воркеров по США🇺🇸✅Обучение с 0✅✅График работы :(23:00-03:00;18:00-22:00)✅📈Зп зависит от вас !!! В среднем 500-700$📈💵После обучения, по желанию   можете попасть в Тиму 💵Писать только по делу в 🔠🔠🔠🔠🔠🔠🔠🔠";
👋Всем привет!💸Мне нужен внимательный и ответственный работник. 💸🤲Без вложений.💻Работа удалённаязанятость минимальная 1-2 часа в день. ✅Всё законно, нужно только иметь телефон и желание зарабатывать.🤑Достойная оплата за работу от 1000 рублей + премии. 💵👉🏻Писать мне в личное сообщение: @workrfmoney;
Даю работу на 600 рублей✅получится у всех у кого есть тинькофф❗️(в лк не вхожу)❗️покупаю проходки тинькофф✅1шт/300р(всем дают 2 шт)❗️связь я;
◽️ Беру в аренду Ваш аккаунт Авито! ◽️⚠️  Беру ЛЮБЫЕ аккаунты! 💵 За рейтинг и отзывы - ДОПЛАЧИВАЮ!🟣 Арендую более 10 аккаунтов ЕЖЕДНЕВНО.✅ БЕЛАЯ РАБОТА от Индивидуального Предпринимателя!🟣 3х дневный оклад  от 4, 500p + доля с продаж.💵 Можете зарабатывать от 10, 000p ЕЖЕНЕДЕЛЬНО!✅ Имею более 100 отзывов. 🟣По всем вопросам:➡️@GrandMasterJob;
💸  РАБОТА БЕЗ ВЛОЖЕНИЙ  💸Предлагаю работу, подработку:🎯 Высокооплачиваемые вакансии🎯 Гибкий график🎯 Возможность карьерного роста   По переезду  либо же  иногородним  помогаем  :  -Жильем    - Проездом    -  Питанием  ✅ Работа  рядом  с домом  ✅Доплата  за  выполнение  плана  и бонусы  ✅Полное  обучение  а начале Все вопросы нашему Менеджеру 👇👇👇@Rabota_Y_Mexicanca111;
Ищу пару мужчин на подработку , кто не боится грязной работы. От 1000 $ в неделю. Расчет в конце дня.;
⚡️ДАМ ФАСТ ВОРК / ПОДРАБОТКУ⚡️  ✅ПЛАЧУ 450 РУБЛЕЙ✅⚪️ВСЕ АБСОЛЮТНО ЛЕГАЛЬНО(СКУПАЮ ПРОХОДКИ ТИНЬКОФФ)⚪️‼️В ЛК ТИНЬКОФА НЕ ВХОЖУ‼️✔️ЗАЙМЕТ ВСЕГО 5-10 МИНУТ✔️;
💸  РАБОТА БЕЗ ВЛОЖЕНИЙ  💸Предлагаю работу, подработку:🎯 Высокооплачиваемые вакансии🎯 Гибкий график🎯 Возможность карьерного роста   По переезду  либо же  иногородним  помогаем  :  -Жильем    - Проездом    -  Питанием  ✅ Работа  рядом  с домом  ✅Доплата  за  выполнение  плана  и бонусы  ✅Полное  обучение  а начале Все вопросы нашему Менеджеру 👇👇👇@Rabota_Y_Mexicanca111;
⚡️ДАМ ФАСТ ВОРК / ПОДРАБОТКУ⚡️  ✅ПЛАЧУ 450 РУБЛЕЙ✅⚪️ВСЕ АБСОЛЮТНО ЛЕГАЛЬНО(СКУПАЮ ПРОХОДКИ ТИНЬКОФФ)⚪️‼️В ЛК ТИНЬКОФА НЕ ВХОЖУ‼️✔️ЗАЙМЕТ ВСЕГО 5-10 МИНУТ✔️;
💸  РАБОТА БЕЗ ВЛОЖЕНИЙ  💸Предлагаю работу, подработку:🎯 Высокооплачиваемые вакансии🎯 Гибкий график🎯 Возможность карьерного роста   По переезду  либо же  иногородним  помогаем  :  -Жильем    - Проездом    -  Питанием  ✅ Работа  рядом  с домом  ✅Доплата  за  выполнение  плана  и бонусы  ✅Полное  обучение  а начале Все вопросы нашему Менеджеру 👇👇👇@Rabota_Y_Mexicanca111;
⚡️ДАМ ФАСТ ВОРК / ПОДРАБОТКУ⚡️  ✅ПЛАЧУ 450 РУБЛЕЙ✅⚪️ВСЕ АБСОЛЮТНО ЛЕГАЛЬНО(СКУПАЮ ПРОХОДКИ ТИНЬКОФФ)⚪️‼️В ЛК ТИНЬКОФА НЕ ВХОЖУ‼️✔️ЗАЙМЕТ ВСЕГО 5-10 МИНУТ✔️;
❓❓❓НУЖНА РАБОТА❓❓❓☄️ПРЕДЛАГАЮ ТЕБЕ!!! работу в нашей семье в мире СПОРТ магазинов.💸 ЗП от 50000 - 65000 руб в неделю ✔️ФИКСИРОВАННО Ищем людей на доставку, машина не нужна, по городу метаться не нужно, все расходы покрываем!!!📈Пиши скорее мне в ЛС: @rabota_cTepouDРабота есть почти по всей РФ.❌С наркотиками дел не имеем!;
✅Авито для всех!!!🇷🇺Идёт набор сотрудников, для удаленной работы на платформе Авито!!!👍Данная вакансия без вложений!!!👌У нас все честно и  не какой чернухи,выплата ежедневно от 1000р. до 3000р в день, зависит от вас!!!🤝Работа под кураторством нашего опытного Авитолога!!!✅Работа для любого возраста,работать смогут даже школьники и студенты!!!✅Для удаленной работы потребуется, телефон или ПК с доступом в интернет!!!✅Мы даем возможность каждому, попробовать себя во фрилансе.✅Многие наши сотрудники за короткий срок вышли на доход более 100 тыс.рублей в месяц и сами стали опытными Авитологами.✅Прошу заметить, что работа без каких либо  вложений!!!🔐Если вы готовы попробовать себя во фрилансе, без вложений и опыта. Пишите на прямую нашему АВИТОЛОГУ, вам все подробнее обьяснят⬇️@Avitolog_Mariay@Avitolog_Mariay@Avitolog_Mariay;
Ищу менеджеров для работы на Avito, Юла!Работа удалённо, требуется телефон или компьютер 📱Занимает пару часов в день Только для граждан РФ 🇷🇺Оплата любым удобным для вас способом 💵Сумма оплаты варьируется от 2000 рублей до 5000 рублей в день.💌 Писать сюда - @Avitolog24HR;
🟢 КУПИМ ВАШУ ПУШКИНСКУЮ КАРТУ  ( это не развод и прочая хрень,реально можете заработать) 💸 : платим сразу, купили билет - получили 💰От 2000р за карту ✍️вся инфа тут @ cardpoint✍️связь @e333ee33;
Белый воркПриму баланс пушкинской карты цена договорнаяПриму Яндекс сплит от 30кУ кого есть МТС, спишу кешбек, за 50% от кешбекаСвязь в лс!;
🟢 КУПИМ ВАШУ ПУШКИНСКУЮ КАРТУ  ( это не развод и прочая хрень,реально можете заработать) 💸 : платим сразу, купили билет - получили 💰✍️вся инфа тут @ cardpoint✍️связь @e333ee33;
🟢 КУПИМ ВАШУ ПУШКИНСКУЮ КАРТУ  ( это не развод и прочая хрень,реально можете заработать) 💸 : платим сразу, купили билет - получили 💰✍️вся инфа тут @ cardpoint✍️связь @e333ee33;
OHЛAЙH PАБOTА - Бeз влoжeний  ( это не развод и прочая хрень,реально можете заработать)   ⚫️Hyжен только телефон и желание❗️  - По времени в течении дня : не больше 5-6 часов  💸 : платим сразу,поработали - получили 💰  ✍️вся инфа тут @consum888;
Белый воркПриму баланс пушкинской карты цена договорнаяПриму Яндекс сплит от 30кУ кого есть МТС, спишу кешбек, за 50% от кешбекаСвязь в лс!;
